<?xml version="1.0" encoding="UTF-8"?>
<beans xmlns="http://www.springframework.org/schema/beans"
	xmlns:xsi="http://www.w3.org/2001/XMLSchema-instance" xmlns:context="http://www.springframework.org/schema/context"
	xmlns:p="http://www.springframework.org/schema/p"
	xmlns:tx="http://www.springframework.org/schema/tx"
	xsi:schemaLocation="http://www.springframework.org/schema/beans
    http://www.springframework.org/schema/beans/spring-beans.xsd
    http://www.springframework.org/schema/context
    http://www.springframework.org/schema/context/spring-context.xsd
    http://www.springframework.org/schema/tx
    http://www.springframework.org/schema/tx/spring-tx.xsd">

	<bean class="org.springframework.jdbc.datasource.DriverManagerDataSource"
	name="mySQLDriver" 
	p:url = "jdbc:mysql://localhost/bd?serverTimezone=UTC"
	p:username = "root" p:password = "" 
	p:DriverClassName ="com.mysql.jdbc.Driver"/>
	
	<bean class="org.springframework.orm.hibernate5.LocalSessionFactoryBean"
	name="sessionFactory" p:dataSource-ref="mySQLDriver">
	
		
		<property name="hibernateProperties">
			<props>
				<prop key="hibernate.dialect">org.hibernate.dialect.MySQLDialect</prop>
				<prop key="hibernate.show_sql">true</prop>
			</props>
		</property>
		
		
		<property name="annotatedClasses">
			<list>
				<value>mx.edu.uacm.mor.spring.orm.entity.Product</value>
			</list>
		</property>
	</bean>
	
	<bean class="org.springframework.orm.hibernate5.HibernateTemplate"
		name="hibernateTemplate" p:sessionFactory-ref="sessionFactory"/>
	
	<context:component-scan base-package="mx.edu.uacm.mor.spring.orm.dao.impl" />
	
	<bean class="org.springframework.orm.hibernate5.HibernateTransactionManager"
	name="transactionManager" p:sessionFactory-ref="sessionFactory"/>
	
	<tx:annotation-driven/>
 		
</beans>